,predict,real
0,2.067495584487915,2.2201313972473145
1,0.7961193323135376,0.9659216403961182
2,4.803275108337402,4.601446628570557
3,4.067276954650879,3.2255778312683105
